2;3;Ce qui est en bas;Les Humanoïdes Associés;2-7316-0241-4;johndifoolt3cequiestenbas1983.jpg;60;4;slug
3;5;5ème essence : galaxie qui songe;Les Humanoïdes Associés;2-7316-0531-6;johndifoolt5la5essence1galaxiequisonge1988.jpg;45;3;slug
4;6;5ème essence : La planète Difool;Les Humanoïdes Associés;2-7316-0532-4;johndifoolt6la5essence2laplanetedifool1988.jpg;46;7;slug
5;1;L'Incal Noir;Les Humanoïdes Associés;2-7316-0084-5;johndifoolt1lincalnoir1981.jpg;50;5;slug
6;2;L'Incal lumière;Les Humanoïdes Associés;2-7316-0135-3;johndifoolt2lincallumiere1982.jpg;52;4;slug
7;4;Ce qui est en haut;Les Humanoïdes Associés;2-7316-0361-5;johndifoolt4cequiestenhaut1985.jpg;57;2;slug
8;1;Adieu le père;Les Humanoïdes Associés;2-73161-197-9;incalavant1.jpg;47;5;slug
9;2;Détective privé de classe 'R';Les Humanoïdes Associés;2-7316-1198-7;Avantlincal02_01062002.jpg;48;1;slug
10;3;Croot;Les Humanoïdes Associés;2-7316-1438-2;Avantlincal03_27062002.jpg;50;1;slug
11;4;Anarcopsychotiques;Les Humanoïdes Associés;2-73161-439-0;incalavant4.jpg;46;4;slug
12;5;Ouisky, SPV & homéoputes;Les Humanoïdes Associés;2-7316-1440-4;incalavant5.jpg;48;2;slug
13;6;Suicide allée;Les Humanoïdes Associés;2-7316-1441-2;incalavantcouv06a.jpg;46;3;slug
14;1;Fils de Flingue;Les Humanoïdes Associés;2-73161-083-2;JuanSolo01.jpg;58;4;slug
15;2;Les Chiens du pouvoir;Les Humanoïdes Associés;2-73161-134-0;JuanSolo02.jpg;52;6;slug
16;3;La Chair et la gale;Les Humanoïdes Associés;2-7316-1253-3;JuanSolo03.jpg;52;7;slug
18;4;Saint Salaud;Les Humanoïdes Associés;2-7316-1390-4;JuanSolo04.jpg;52;8;slug
19;1;Long feu;Casterman;2-203-38916-8;tueur01aS040104_04012004.jpg;62;3;slug
20;2;L'engrenage;Casterman;2-203-38941-9;TueurLe02.jpg;62;1;slug
21;3;La dette;Casterman;2-203-38966-4;tueur03.jpg;54;2;slug
22;4;Les liens du sang;Casterman;2-203-389982;tueur04.jpg;54;4;slug
23;5;La mort dans l'âme;Casterman;2-203-38600-2;tueur05couv.jpg;54;5;slug
24;6;Modus Vivendi;Casterman;978-2-203-00181-7;tueur06.jpg;54;2;slug
25;1;Joshua;Delcourt;2-906187-87-9;pouvoirinnocents01acouv.jpg;64;2;slug
26;3;Providence;Delcourt;2-84055-077-6;pouvoirdesinnocents03couv.jpg;56;3;slug
27;4;Jessica;Delcourt;2-84055-183-7;pouvoirinnocents04couv.jpg;56;2;slug
28;NULL;L'outremangeur;Casterman;2-203-38913-3;outremangeur.jpg;56;3;slug
29;NULL;Sang des voyous (Le);Casterman;2-203-36606-0;SangDesVoyousLe_08092006.jpg;64;4;slug
30;NULL;Lettres et Carnets du front 1914-1918;Soleil Productions / France Inter;2-84946-597-6;parolesdepoilus.jpg;79;5;slug
31;NULL;Un homme est mort;Futuropolis;2-75480-010-7;unhommeestmort01.jpg;62;6;slug
32;2;Jour de colère;Casterman;2-203-33415-0;giuseppebergman02.jpg;166;7;slug
33;NULL;L'intégrale;Vents d'Ouest;2-7493-0181-5;ibicusint.jpg;530;2;slug
34;1;Quelque part entre les ombres;Dargaud;2-205-04965-8;Blacksad_01_15161.jpg;46;4;slug
35;2;Arctic-Nation;Dargaud;2-205-05199-7;Blacksad_02_24600.jpg;54;5;slug
36;3;Âme Rouge;Dargaud;2-205-05564-X;blacksadtome03.jpg;54;6;slug
37;1;Volume 1;Gallimard;2-07-057311-7;aya1couvrc9_51991.jpg;96;2;slug
39;1;Aussi loin que je me rappelle...;Casterman;2-203-36501-3;anitabombacou01.JPG;44;4;slug
40;2;C'est pas parceque je suis pauvre...;Casterman;2-203-36502-1;anitabombacou02.JPG;44;3;slug
41;3;Un jour, j'ai arrêté de bosser...;Casterman;2-203-36503-X;anitabombacouv03.jpg;44;2;slug
42;4;La vie est trop courte ...;Casterman;2-203-36504-8;anitabombacouv04.jpg;44;2;slug
43;1;Princesse Salma;Vents d'Ouest;2-86967-751-0;kucek01a.jpg;46;5;slug
44;2;Kanchack le fourbe;Vents d'Ouest;2-86967-752-9;kucek02a.jpg;46;6;slug
45;3;L'élu;Vents d'Ouest;2-86967-753-7;kucek03a.jpg;46;7;slug
46;1;Où le regard ne porte pas...;Dargaud;2-205-05092-3;ouleregardneportepascouv01.jpg;94;1;slug
47;2;Où le regard ne porte pas...;Dargaud;2-205-05098-2;OuLeRegardNePortePas02.jpg;96;2;slug
48;1;Un ventre aride;Glénat;2-7234-3256-4;hariticouv01.jpg;46;3;slug
49;2;Le fruit de nos entrailles;Glénat;2-7234-3538-5;hariticouv02.JPG;46;2;slug
50;3;Toutes les sèves de l'aurore;Glénat;2-7234-4327-2;hariti03_39329.jpg;46;1;slug
51;NULL;Secteur 7;Glénat;2-7234-4863-0;Secteur7_09122005.jpg;56;5;slug
52;NULL;Mystère Ovale;Glénat;2-7234-3963-1;MystereOvale_09042004.jpg;54;3;slug
53;1;Rien ou presque;Glénat;2-7234-3672-1;akarus01.jpg;52;4;slug
54;2;Dors, Petite Sœur;Glénat;2-7234-4087-7;akarus02_30102003.jpg;54;5;slug
55;1;L'épouvantail pointeur;Glénat;2-7234-3740-X;epouvpoint.jpg;54;6;slug
56;1;La chrysalide diaprée;Vents d'Ouest;2-86967-551-8;mangecoeur01a.JPG;48;7;slug
57;2;Dans le jeu des miroirs;Vents d'Ouest;2-86967-552-6;mangecoeur02a.JPG;48;4;slug
58;3;Le Rêve d'Argemme;Vents d'Ouest;2-86967-532-1;mangecoeur03a.JPG;48;3;slug
60;NULL;Black Hole;Delcourt;2-7560-0379-4;BlackHolein_11112006.jpg;361;7;slug
61;5;Spirit;Les Humanoïdes Associés;2-7316-0045-4;spiritle05.jpg;60;5;slug
62;1;The hard goodbye;Dark horse books;1-593-07293-7;SinCity1_16032008_163359.jpg;200;4;slug
63;4;That yellow bastard;Dark horse books;1-593-07296-1;SinCity4_16032008_163353.jpg;223;2;slug
64;5;Family values;Dark horse books;1-593-07297-X;SinCity5_16032008_163347.jpg;126;5;slug
65;2;A dame to kill for;Dark horse books;1-593-07293-7;SinCity1_16032008_163359.jpg;200;1;slug
66;3;The big fat kill;Dark horse books;1-593-07293-7;SinCity1_16032008_163359.jpg;200;1;slug
67;6;Booze, broads and bullets;Dark horse books;NULL;SinCity1_16032008_163359.jpg;200;4;slug
68;7;Hell and back;Dark horse books;NULL;SinCity1_16032008_163359.jpg;200;2;slug
69;NULL;NonNonBâ;Cornélius;2-915492-25-5;Nonnonba_09102006.jpg;420;3;slug
70;NULL;Le Gourmet Solitaire;Casterman;2-203-37334-2;GourmetSolitaireLe.jpg;198;4;slug
71;2;Paul a un travail d'été;Les éditions de la Pastèque;2-922585-08-5;paul02.jpg;152;6;slug
72;3;Paul en appartement;Les éditions de la Pastèque;2-922585-22-0;Paul3_23062004.jpg;104;7;slug
73;4;Paul dans le métro;Les éditions de la Pastèque;2-922585-27-1;Paul4_24042005_46320.jpg;91;8;slug
74;1;Paul à la campagne;Les éditions de la pastèque;978-2-922585-01-8;Paul1a_24022008_153143.jpg;48;3;slug
75;1;Celui qui parle aux fantômes;Soleil Productions;2-84565-412-X;SagahNah01_17122002.jpg;44;1;slug
76;2;La confrérie des Tueurs de Monstres;Soleil Productions;2-84565-783-8;sagahnah02couv.jpg;46;2;slug
77;NULL;Le moral des troupes;Mécanique Générale;2-922827-14-3;MoralDesTroupesLe_24042005.jpg;158;4;slug
78;NULL;Réédition très très augmentée;Les 400 Coups;2-922827-27-5;QuelquesPeluresb_24122006.jpg;126;5;slug
79;NULL;Résine de synthèse;Mécanique Générale;2-922827-03-8;ResineDeSynthese_24042005.jpg;90;2;slug
81;NULL;Guide de la survie en Entreprise;Audie;2-85815-434-1;GuideDeLaSurvieEnEntreprise_13052005.jpg;45;2;slug
82;1;Sigmund Freud - Le temps de chien;Dargaud;2-205-05291-8;UneAventureRocambolesqueDe01.jpg;46;3;slug
83;1;Les cosmonautes du futur;Dargaud;2-205-04913-5;cosmonautesdufutur1.jpg;46;2;slug
84;2;Le retour;Dargaud;2-205-05078-8;cosmonautesdufutur2.jpg;46;3;slug
85;3;Résurrection;Dargaud;2-205-05293-4;cosmonautesdufutur03_08012004.jpg;46;4;slug
88;1;Total souk pour Nic Oumouk;Dargaud;2-205-05686-7;nicoumouk01_45629.jpg;46;5;slug
89;1;La vraie vie;Dargaud;2-205-05819-3;RetourALaTerreLe1b_13082005.jpg;46;6;slug
90;4;Le déluge;Dargaud;2-205-05814-2;RetourALaTerreLe4_31082006.jpg;46;7;slug
91;1;Le combat ordinaire;Dargaud;2-205-05425-2;combatordinaire01.jpg;50;2;slug
92;2;Les quantités négligeables;Dargaud;2-205-05589-5;combatordinaire02.jpg;60;4;slug
93;3;Ce qui est précieux;Dargaud;2-205-05791-X;CombatOrdinaireLe03.jpg;60;5;slug
94;4;Planter des clous;Dargaud;978-2-205-06140-6;combatordinaire04_72375.jpg;60;6;slug
95;7;La java bleue;L'Association;2-84414-180-3;Pascinhs_29112005.jpg;74;2;slug
96;NULL;La fille du professeur;Dupuis;2-8001-3454-2;filleduprofesseura_15102003.jpg;60;4;slug
97;1;La Bar-Mitsva;Dargaud;2-205-05820-7;chatdurabin01libe.jpg;46;3;slug
98;2;Le Malka des Lions;Dargaud;2-205-05369-8;chatdurabin02_07112002.jpg;46;2;slug
99;3;L'exode;Dargaud;2-205-05497-X;chatdurabbin03.JPG;46;2;slug
100;4;Le Paradis Terrestre;Dargaud;2-205-05725-1;chatdurabbin04couv.JPG;48;5;slug
101;5;Jérusalem d'Afrique;Dargaud;2-205-05868-1;ChatDuRabbinLe05.jpg;80;6;slug
102;1;Chez Francisque;Audie;2-85815-497-X;chezfrancisque01_58611.jpg;48;7;slug
103;2;Les nuits les plus blanches;Les Humanoïdes Associés;2-7316-0986-9;monsieurjean02.jpg;45;1;slug
104;3;La fuite des cerveaux;Dargaud;2-205-05867-3;Supermurgeman3_07102006.jpg;48;2;slug
105;12;La vie comme elle vient;Dargaud;2-205-05385-X;FormidablesAventuresDeLapinotLes8_03072004.jpg;44;3;slug
106;9;Vacances de printemps;Dargaud;2-205-04669-1;lapinot05.jpg;46;2;slug
107;5;Pichenettes;Dargaud;978-2-205-06000-3;LapinotLesFormidablesAventuresDe2a_22012007.jpg;46;1;slug
108;1;La Vierge du bordel;Dargaud;2-205-05811-8;misspastouche01couv.JPG;46;5;slug
109;2;Du sang sur les mains;Dargaud;978-2205-05902-1;misspastouche02.JPG;46;3;slug
110;1;Nathalie;Dargaud;978-2-205-05798-0;Gus01_60211.jpg;78;4;slug
111;1;Londres;Vents d'Ouest;2-86967-115-5;PeterPan01.jpg;48;5;slug
112;2;Opikanoba;Vents d'Ouest;2-86967-191-1;PeterPan02.jpg;58;6;slug
113;4;Mains rouges;Vents d'Ouest;2-86967-520-8;PeterPan04.jpg;56;7;slug
114;5;Crochet;Vents d'Ouest;2-86967-849-5;PeterPan05.jpg;50;4;slug
115;6;Destins;Vents d'Ouest;2-7493-0127-0;PeterPan06.jpg;46;3;slug
116;3;Tempête;Vents d'Ouest;2-86967-292-6;PeterPan03.jpg;57;7;slug
117;1;A la recherche de peter pan;Le lombard;2-8036-590-8;ALaRechercheDePeterPan1c_11022008_172842.jpg;52;5;slug
118;2;A la recherche de peter pan;Le Lombard;2-8036-591-9;ALaRechercheDePeterPan2c_11022008_172617.jpg;67;4;slug
119;3;Révolution, révolution...;Glénat;2-7234-1516-3;sambrecouv03.JPG;50;2;slug
120;5;Maudit soit le fruit de ses entrailles...;Glénat;2-7234-3548-2;sambre05.jpg;44;5;slug
121;1;Plus ne m'est rien...;Glénat;2-7234-0641-5;sambrecouv01.JPG;47;1;slug
122;2;Je sais que tu viendras...;Glénat;2-7234-1139-7;sambrecouv02.JPG;46;1;slug
123;4;Faut-il que nous mourions ensemble...;Glénat;2-7234-2000-0;sambrecouv04.JPG;53;4;slug
124;1;Hugo & Iris, Chapitre 1 - Printemps 1830;Futuropolis;978-2-7548-0057-0;guerredessambre01.jpg;54;2;slug
125;4;L'oeuf des ténébres;Dargaud;2-205-03460-X;QuetedelOiseauduTempsLa04.jpg;62;3;slug
126;5;L'ami Javin;Dargaud;2-205-04394-3;QuetedelOiseauduTempsLa05.jpg;62;4;slug
127;6;Le grimoire des dieux;Dargaud;978-2-205-05633-4;quetedeloiseaudutemps06.jpg;64;6;slug
129;1;La conque de Ramor;Dargaud;2-205-02406-X;QuetedelOiseauduTempsLa01.jpg;46;7;slug
130;2;Le temple de l'oubli;Dargaud;2-205-02576-7;QuetedelOiseauduTempsLa02.jpg;47;8;slug
131;3;Le Rige;Dargaud;2-205-02952-5;QuetedelOiseauduTempsLa03.jpg;58;3;slug
132;2;Le grand trou;Les Humanoïdes Associés;2-7316-6340-5;koma02.jpg;46;1;slug
133;3;Comme dans les westerns;Les Humanoïdes Associés;2-7316-1648-2;Koma3_08032005.jpg;46;2;slug
134;1;La voix des cheminées;Les Humanoïdes Associés;2-7316-6318-9;koma01_07102003.jpg;46;4;slug
135;4;L'Hôtel;Les Humanoïdes Associés;2-7316-1792-6;Koma4_23052006.jpg;46;5;slug
136;5;Le duel;Les Humanoïdes Associés;978-2-7316-1944-7;koma05.jpg;46;2;slug
137;1;Volume 1;Atrabile;2-940329-03-6;Lupuscouv01.jpg;92;2;slug
138;2;Volume 2;Atrabile;2-940329-10-9;lupus02_21012004.jpg;92;3;slug
139;3;Volume 3;Atrabile;2-940329-18-4;lupus03couv.jpg;92;2;slug
140;4;Volume 4;Atrabile;2-940329-23-0;lupus04.jpg;108;3;slug
144;4;Le mystère de l'île étrange;Delcourt;2-84055-335-X;DeCapeEtDeCrocs4a_13032006.jpg;46;4;slug
145;5;Jean sans lune;Delcourt;2-84055-578-6;DeCapeEtDeCrocs5a_13032006.jpg;46;5;slug
148;8;Le maître d'armes;Delcourt;978-2-7560-0318-4;decapeetdecrocs08_68195.jpg;46;6;slug
151;NULL;Les petits ruisseaux;Futuropolis;2-7548-0016-6;PetitsRuisseauxLes_06052006.jpg;92;7;slug
155;NULL;Intégrale;Delcourt;2-84055-263-9;VPourVendettacintegrale.jpg;272;2;slug
160;2;Tome 2;Dupuis;2-8001-3540-9;photographele02_38982.jpg;76;4;slug
161;3;Tome 3;Dupuis;2-8001-3544-1;photographele03_53163.jpg;96;5;slug
162;NULL;Notes pour une histoire de guerre;Actes Sud;2-7427-5352-4;notespourunehistoiredeguerre.JPG;96;6;slug
163;1;Riyad-sur-Seine;Gallimard;978-2-07-057907-5;RG01.jpg;104;2;slug
164;2;Bangkok-Belleville;Gallimard;978-2-07-061527-8;Rg2_18032008_201939.jpg;104;4;slug
165;NULL;Lucille;Futuropolis;2-7548-0051-4;Lucille_31012006.jpg;544;3;slug
166;NULL;Le réducteur de vitesse;Dupuis;2-8001-2801-1;ReducteurDeVitesseLeb_14082007_174306.jpg;76;2;slug
167;1;Le roi de Paris;Audie;2-85815-263-2;blotch01.jpg;45;2;slug
168;2;Face à son destin;Audie;2-85815-286-1;blotch02couv.jpg;51;5;slug
169;NULL;Péplum;Cornélius;2-909990-33-8;Pepluma_13062004.jpg;112;6;slug
170;26;Le Royaume sous le Sable;Le Lombard;2-8036-1665-3;thorgal26.jpg;46;7;slug
171;27;Le barbare;Le Lombard;2-80361-775-7;thorgal27.jpg;46;1;slug
172;28;Kriss de Valnor;Le Lombard;2-80362-003-0;thorgal28.jpg;46;2;slug
173;29;Le sacrifice;Le Lombard;2803621983;Thorgal29_24112006.jpg;46;3;slug
174;30;Moi, Jolan;Le Lombard;978-2-80362-265-8;thorgal30.jpg;46;2;slug
175;1;La magicienne trahie;Lombard;2-8036-0358-6;thorgal01a.jpg;46;1;slug
176;2;L'île des mers gelées;Lombard;2-8036-0359-4;Thorgal2b_30012005.jpg;46;5;slug
177;3;Les trois vieillards du pays d'Aran;Le Lombard;2-8036-0001-3;Thorgal3a_10022005.jpg;46;3;slug
178;4;La galère noire;Le Lombard;2-8036-0026-9;Thorgal4b_24082005.jpg;46;4;slug
179;5;Au-delà des ombres;Le Lombard;2-8036-0407-8;Thorgal5a_12062004.jpg;46;5;slug
180;6;La chute de Brek Zarith;Le Lombard;2-8036-0451-5;Thorgal06a.jpg;46;6;slug
181;7;L'enfant des étoiles;Le Lombard;2-8036-0460-4;Thorgal07a.jpg;46;7;slug
182;8;Alinoë;Le Lombard;2-8036-0482-5;Thorgal8b_24082005.jpg;46;4;slug
183;9;Les archers;Le Lombard;2-80361-423-5;Thorgal09a.jpg;46;3;slug
184;10;Le pays Qâ;Le Lombard;2-8036-0549-X;Thorgal10a_10022005.jpg;46;7;slug
185;11;Les yeux de tanatloc;Le Lombard;2-8036-0576-7;Thorgal11a_23022008_094737.jpg;46;5;slug
186;12;La cité du dieu perdu;Lombard;2-8036-0639-9;Thorgal12a.jpg;46;4;slug
188;14;Aaricia;Le Lombard;2-8036-0745-X;Thorgal14a_10022005.jpg;46;2;slug
189;15;Le maître des montagnes;Le Lombard;2-8036-0754-9;Thorgal15a_10022005.jpg;46;5;slug
190;16;Louve;Le Lombard;2-8036-0845-6;Thorgal16a_10022005.jpg;46;1;slug
191;17;La gardienne des clés;Le Lombard;2-8036-0932-0;Thorgal17a_10022005.jpg;46;1;slug
192;18;L'épée-Soleil;Le Lombard;2-8036-0988-6;Thorgal18a_10022005.jpg;46;4;slug
193;19;La forteresse invisible;Le Lombard;2-8036-1052-3;Thorgal19a_23022008_103421.jpg;46;2;slug
194;21;La couronne d'ogotaï;Le Lombard;2-8036-1161-9;Thorgal21a_23022008_104414.jpg;46;3;slug
195;22;Géants;Le Lombard;2-8036-1220-8;Thorgal22a_23022008_104922.jpg;46;4;slug
196;23;La cage;Le Lombard;2-8036-1275-5;thorgal23.jpg;46;6;slug
197;24;Arachnéa;Le Lombard;2-8036-1362-X;thorgal24.jpg;46;7;slug
198;25;Le Mal bleu;Le Lombard;2-8036-1414-6;thorgal25.jpg;46;8;slug
199;13;Entre terre et lumière;Le Lombard;2-8036-0713-1;Thorgal13a_10022005.jpg;46;3;slug
200;1;L'ivoire du Magohamoth;Soleil Productions;2-87764-257-7;lanfeustdetroy01fc_35653.jpg;44;1;slug
201;2;Thanos l'incongru;Soleil Productions;2-87764-306-9;lanfeustdetroy02ac_29435.jpg;46;2;slug
202;3;Castel Or-Azur;Soleil Productions;2-87764-394-8;lanfeustdetroy03ac_29436.jpg;52;4;slug
203;4;Le paladin d'Eckmül;Soleil Productions;2-87764-566-5;lanfeustdetroy04ac_29437.jpg;45;5;slug
204;5;Le frisson de l'haruspice;Soleil Productions;2-87764-646-7;lanfeustdetroy05cof.jpg;52;2;slug
205;6;Cixi impératrice;Soleil Productions;2-87764-795-1;lanfeustdetroy06cof.jpg;46;2;slug
206;7;Les pétaures se cachent pour mourir;Soleil Productions;2-87764-923-7;lanfeustdetroy07cof.jpg;52;3;slug
207;8;La bête fabuleuse;Soleil Productions;2-84565-110-4;lanfeustdetroy08cof.jpg;58;2;slug
208;1;Un, deux... Troy;Soleil Productions;2-84946-125-3;LanfeustDesEtoiles01solo.jpg;46;3;slug
209;2;Les tours de Meirrion;Soleil Productions;2-84565-405-7;LanfeustDesEtoiles02.jpg;46;4;slug
210;3;Les sables d'Abraxar;Soleil Productions;2-84565-683-1;lanfeustdesetoilescouv03.jpg;47;5;slug
211;4;Les buveurs de mondes;Soleil Productions;2-84565-900-8;lanfeustdestoilesco04.jpg;46;6;slug
212;5;La chevauchée des bactéries;Soleil Productions;2-84946-318-3;lanfeustdesetoiles05.jpg;48;7;slug
213;6;Le râle du flibustier;Soleil Productions;2-84946-641-7;LanfeustDesEtoiles06.jpg;51;2;slug
214;7;Le secret des Dolphantes;Soleil Productions;978-2-302-00031-5;lanfeustdesetoiles07.jpg;47;4;slug
215;2;Les projets;Dargaud;2-205-05732-4;RetourALaTerreLe2a_21012005.jpg;45;5;slug
216;3;Le vaste monde;Dargaud;2-205-05625-5;RetourALaTerreLe3_11012005.jpg;46;6;slug
217;1;Les premiers mots;Dupuis;2-8001-0781-2;bidouilleetviolette01.jpg;41;2;slug
218;2;Les jours sombres;Dupuis;2-8001-0879-7;bidouilletviolette02.jpg;47;4;slug
219;3;La Reine des glaces;Dupuis;2-8001-1011-2;bidouilleetviolette03.jpg;48;3;slug
220;4;La ville de tous les jours;Dupuis;2-8001-1247-6;bidouille04.jpg;44;2;slug
221;1;Les Canons du 18 mars;Casterman;2-203-39927-9;cridupeuplecouv01_6697.jpg;76;2;slug
222;3;Les heures sanglantes;Casterman;2-203-39930-9;cridupeuplecouv03_28933.jpg;74;5;slug
223;2;L'espoir assassiné;Casterman;2-203-39929-5;cridupeuplecouv02_22778.jpg;84;6;slug
224;4;Le testament des ruines;Casterman;2-203-39931-7;cridupeuplecouv04_39428.jpg;74;7;slug
225;NULL;Guerre éternelle;Dupuis;2-8001-2640-X;guerreeternelle_int.jpg;165;1;slug
226;14;La machination Voronov;Blake et Mortimer;2-87097-052-8;blakeetmortimereditionbmcouv14.JPG;62;2;slug
227;NULL;Le voyage en Italie;Dupuis;2-8001-3166-7;voyageenitalieint.jpg;96;3;slug
228;NULL;Zélie Nord - Sud;Le Lombard;978-2-8036-2400-3;ZelieNordSuda_03062008_200452.jpg;44;2;slug
229;1;Tome 1;Dupuis;2-8001-2870-4;sursiscouv01b_30562.jpg;52;1;slug
230;2;Tome 2;Dupuis;2-8001-2598-5;sursiscouv02a_30561.jpg;54;5;slug
231;NULL;Intégrale;Glénat;2-7234-4042-7;gilsaintandreint_bel.jpg;135;3;slug
232;NULL;Le cahier bleu;Casterman;2-203-39103-0;cahierbleu01a.jpg;68;4;slug
233;NULL;Un peu de fumée bleue;Dupuis;2-8001-2973-5;unpeudefumeebleucouv.jpg;76;5;slug
234;NULL;Le long voyage de Léna;Dargaud;2-205-05743-X;LongVoyageDeLenaLe_04092006.jpg;54;6;slug
235;NULL;Après la pluie;Casterman;2-203-38906-0;apreslapluie.jpg;52;7;slug
236;1;Le vol du corbeau - 1;Dupuis;2-8001-3141-1;volducorbeau01.JPG;54;4;slug
237;2;Le vol du corbeau - 2;Dupuis;2-8001-3376-7;VolDuCorbeauLe02.jpg;54;3;slug
238;NULL;Pilules Bleues;Atrabile;2-9700165-6-7;pilulesbleuesco.jpg;190;7;slug
239;1;Persepolis 1;L'Association;2-84414-058-0;persepolis01.jpg;69;5;slug
240;2;Persepolis 2;L'Association;2-84414-079-3;persepolis02.jpg;100;4;slug
241;3;Persepolis 3;L'Association;2-84414-104-8;Persepolis03_08092002.jpg;92;2;slug
242;4;Persepolis 4;L'Association;2-84414-137-4;persepolis04_19092003.jpg;100;5;slug
243;NULL;Poulet aux prunes;L'Association;2-84414-159-5;PouletAuxPrunes_13102004.jpg;NULL;1;slug
244;1;Premier Tome;Les Humanoïdes Associés;2-7316-1312-2;bibendumceleste01a.jpg;60;1;slug
245;2;Deuxième tome;Les Humanoïdes Associés;2-7316-1367-X;BibendumCelesteLe02EO.jpg;60;4;slug
246;3;Troisième tome;Les Humanoïdes Associés;2-7316-1451-X;BibendumCelesteLe03EO.jpg;67;2;slug
247;NULL;Foligatto;Les Humanoïdes Associés;2-7316-1334-3;Foligatto1998.jpg;60;3;slug
248;1;Transports amoureux;Dupuis;2-8001-3625-1;Salvatore01.jpg;46;4;slug
249;2;Le grand départ;Dupuis;2-8001-3834-3;salvatore02.jpg;52;6;slug
250;1;Léon la came;Casterman;2-203-33609-9;Leonlacame01a_06112003.jpg;120;7;slug
251;2;Laid pauvre et malade;Casterman;2-203-35914-5;leonlacame02.jpg;115;8;slug
252;3;Priez pour nous;Casterman;2-203-35916-1;leonlacame03.jpg;72;3;slug
253;1;L'Anguille;Glénat;2-7234-1392-6;pontdanslavase01.jpg;46;1;slug
254;2;Orlandus;Glénat;2-7234-1732-8;pontdanslavase02.jpg;46;2;slug
255;3;Malocchio;Glénat;2-7234-2326-3;pontdanslavase03.jpg;46;4;slug
256;4;Barthelemy;Glénat;2-7234-3174-6;pontdanslavase04.jpg;46;5;slug
257;NULL;Pourquoi j'ai tué Pierre;Delcourt;2-7560-0380-8;PourquoiJaiTuePierre_14092006.jpg;112;2;slug
258;NULL;Intégrale;Delcourt;2-84055-044-X;legendescontreesoublieesint.jpg;NULL;2;slug
259;1;La planète;Dargaud;2-205-04902-X;betelgeuse01.jpg;46;3;slug
261;3;L'expédition;Dargaud;2-205-05231-4;betelgeuse03.jpg;46;2;slug
262;4;Les cavernes;Dargaud;2-205-05475-9;betelgeusecou04.jpg;46;3;slug
263;5;L'autre;Dargaud;2-205-05636-0;betelgeuse05.jpg;46;4;slug
264;1;Episode 1;Dargaud;978-2205-05889-5;Antares01.jpg;55;5;slug
265;1;Apparitions;Dargaud;2-205-05197-0;kenya01.jpg;46;6;slug
266;2;Rencontres;Dargaud;2-205-05335-3;kenyaco02.jpg;46;12;slug
267;3;Aberrations;Dargaud;2-205-05499-6;kenya03.jpg;46;2;slug
268;4;Interventions;Dargaud;2-205-05712-X;Kenya04.jpg;46;4;slug
269;5;Illusions;Dargaud;978-2-205-06054-6;kenya05_74803.jpg;46;5;slug
271;1;tome 1;Soleil Productions;2-87764-764-1;petitpolio1_26112002.JPG;50;6;slug
272;2;tome 2;Soleil Productions;2-87764-916-4;petitpolio2_26112002.JPG;52;2;slug
273;3;Mémé d'Arménie;Soleil Productions;2-84565-204-6;petitpolio3_19122002.JPG;49;4;slug
274;4;Les années ventoline;Futuropolis;978-2-7548-0026-6;PetitPolio3_11112007_125910.jpg;59;3;slug
275;1;Le bar du vieux français 1;Dupuis;2-8001-1910-1;barduvieuxfrancaiscouv01.jpg;54;2;slug
277;NULL;La belette;Casterman;2-203-33417-7;Comes_Belette_01.jpg;140;2;slug
278;NULL;L'arbre-coeur;Casterman;2-203-33442-8;arbrecoeur_19012003.jpg;84;5;slug
279;2;Le Maître des Ténèbres;Casterman;2-203-33502-5;ergunlerrant02a.jpg;44;6;slug
280;NULL;Dracula, Dracul, Vlad?, bah...;Les Humanoïdes Associés;2-73161-105-7;dracula_30082002.jpg;80;4;slug
281;NULL;L'arrière boutique du magasin général II;Casterman;2-203-34809-7;MagasinGeneral2hs_04112006.jpg;151;3;slug
282;1;Marie;Casterman;2-203-37011-4;magasingeneral01.jpg;76;7;slug
283;2;Serge;Casterman;2-203-37013-0;magasingeneral02couv.jpg;68;5;slug
284;3;Les hommes;Casterman;978-2-203-34810-3;magasingeneral03.jpg;76;4;slug
285;1;http://www.xxeciel.com/mémoires98;Les Humanoïdes Associés;2-7316-1406-4;xxcielcouv01a.jpg;59;2;slug
286;2;http://www.xxeciel.com/mémoires99;Les Humanoïdes Associés;2-7316-1416-1;xxcielcouv02.JPG;62;5;slug
287;3;http://www.xxeciel.com/mémoires<19>00;Les Humanoïdes Associés;2-7316-1554-0;xxemeciel031900.jpg;72;1;slug
288;1;[avant]...;Futuropolis;2-7548-0005-0;cielaudessusdebruxelles01.jpg;68;1;slug
289;2;...[après];Futuropolis;978-2-75480-084-6;cielaudessusdebruxelles02.jpg;94;4;slug
290;1;Le secret du Janissaire;Delcourt;2-84055-059-8;DeCapeEtDeCrocs1a_13032006.jpg;46;2;slug
291;2;Pavillon noir !;Delcourt;2-84055-143-8;DeCapeEtDeCrocs2a_13032006.jpg;46;3;slug
292;3;L'archipel du danger;Delcourt;2-84055-236-1;DeCapeEtDeCrocs3a_13032006.jpg;47;4;slug
293;6;Luna Incognita;Delcourt;2-84789-112-9;DeCapeEtDeCrocs5a_13032006.jpg;46;6;slug
294;7;Chasseurs de Chimères;Delcourt;2-84789-925-1;decapeetdecrocs_07.jpg;49;7;slug
303;1;Le secret des eaux;Delcourt;2-84789-103-X;AlimleTanneur01.jpg;46;8;slug
304;2;Le vent de l'exil;Delcourt;2-84789-946-4;alimletanneur_02.jpg;46;3;slug
305;3;La terre du prophète pâle;Delcourt;978-2-7560-0369-6;AlimLeTanneur3_27112007_232724.jpg;54;1;slug
314;NULL;Canoë Bay;Daniel Maghen;978-2-356-74009-0;CanoeBay_21032009_074933.jpg;76;2;slug
316;5;Les révolutions;Dargaud;978-2-205-06235-9;RetourALaTerreLe5_29112008_200007.jpg;45;4;slug
317;1;Livre I : Le Chant d'Anoroer;Soleil Productions;2-84946-422-8;Servitude1.jpg;52;5;slug
318;2;Livre II : Drekkars;Soleil Productions;978-2-302-00214-2;Servitude2_18122008_214301.jpg;46;2;slug
319;5;Poussière d'ange;Albin Michel;2-226-17542-3;AnitaBomba5_21112006.jpg;48;2;slug
320;2;Beau bandit;Dargaud;978-2205-05953-3;Gus02_71318.jpg;84;3;slug
321;3;Ernest;Dargaud;978-2-205-06086-7;Gus3_01122008_184848.jpg;88;2;slug
322;6;Au commencement;Les Humanoïdes Associés;978-2-7316-2188-4;koma06_79842.jpg;46;3;slug
323;8;Le sang des comètes;Soleil Productions;978-2-30200-382-8;lanfeustdesetoiles08_80608.jpg;54;4;slug
324;2;Episode 2;Dargaud;978-2-205-06185-7;Antares_02_84321.jpg;46;5;slug
328;2;Hugo & Iris, Chapitre 2 - Automne 1830;Futuropolis/Glénat;978-2-7548-0108-9;sambrelaguerredessambre02_78011.jpg;46;6;slug
329;31;Le bouclier de Thor;Le Lombard;978-2-8036-2486-7;thorgal31couv_80551.jpg;46;7;slug
330;2;Vincent Van Gogh - La ligne de front;Dargaud;2-205-05466-X;UneAventureRocambolesqueDe02_34422.jpg;46;2;slug
334;1;Zoo 1;Dupuis;2-8001-2132-7;Zoo01.jpg;70;4;slug
335;2;Zoo 2;Dupuis;2-8001-2324-9;Zoo02.jpg;62;5;slug
336;3;Zoo 3;Dupuis;978-2-8001-4004-9;zoo03.jpg;72;6;slug
337;1;Le nouveau rêve;Les Humanoïdes Associés;2-7316-1425-0;apreslincalcouv01.jpg;56;2;slug
338;1;Monsieur Fruit - T1;Seuil;2-0202-3701-6;monsieurfruit01couv.jpg;153;4;slug
341;2;Monsieur Fruit - T2;Seuil;2-02-029670-5;MonsieurFruit02a.jpg;149;3;slug
342;4;Confessions;Casterman;978-2-203-01691-0;magasingeneral04_79885.jpg;66;11;slug
343;3;Le prince charmant;Dargaud;978-2205-06083-6;misspastouche03_77426.jpg;46;2;slug
344;2;Les survivants;Dargaud;2-205-04987-9;betelgeuse02.jpg;46;5;slug
345;1;La catastrophe;Dargaud;2-205-04186-X;aldebaran01a.jpg;48;6;slug
346;2;La blonde;Dargaud;2-205-04968-2;aldebaran02a.jpg;46;7;slug
347;3;La photo;Dargaud;2-205-04969-0;MondesDaldebaranLes3b_07102007_170606.jpg;46;1;slug
348;4;Le groupe;Dargaud;2-205-04970-4;aldebaran04a.jpg;46;2;slug
349;5;La créature;Dargaud;2-205-04968-2;MondesDaldebaranLes5c_20022008_101535.jpg;46;3;slug
350;2;Amy;Delcourt;2-84055-035-0;pouvoirinnocents02couv.jpg;64;2;slug
351;5;Sergent Logan;Delcourt;2-84055-440-2;pouvoirdesinnocents05couv.jpg;62;1;slug
352;1;Pourquoi cette nuit est-elle différente des autres nuits ?;Dupuis;2-8001-3149-7;olivesnoires01.jpg;48;5;slug
353;2;Adam Harishon;Dupuis;2-8001-3220-5;olivesnoires02.jpg;48;3;slug
354;3;Tu ne mangeras pas le chevreau dans le lait de sa mère;Dupuis;2-8001-3378-3;olivesnoires03.jpg;48;4;slug
355;1;Première époque (1914-1915);Futuropolis;978-2-7548-0113-3;matteo01_78761.jpg;62;5;slug
356;NULL;Troubles fêtes;Les Humanoïdes Associés;2-7316-0652-5;loiseltroublesreed.jpg;70;6;slug
358;NULL;Les portes du possible;Casterman;2-203-34322-2;portesdupossible.jpg;46;7;slug
367;1;La chanson;Delcourt;2-84055-686-3;ChevalierMalheur01couv_20081023_8860.jpg;48;4;slug
368;2;Citadelle;Delcourt;2-84055-903-X;ChevalierMalheur02couv_20081023_23695.jpg;48;3;slug
369;3;Tel père tel fils;Delcourt;2-84789-405-5;ChevalierMalheur03couv_20081023_42412.jpg;46;7;slug
373;4;Le déluge;Soleil Productions;2-84565-234-8;universalwarone4.jpg;48;5;slug
374;5;Babel;Soleil Productions;2-84565-406-5;universalwar05.jpg;46;4;slug
375;6;Le patriarche;Soleil Productions;2-84946-095-8;UniversalWarOne6_21062006.jpg;46;2;slug
376;1;Le bois sauvage;Delcourt;2-84055-107-1;VentDanslesSaulesLe01.JPG;31;5;slug
377;2;Auto, crapaud, blaireau;Delcourt;2-84055-168-3;ventdanslessaulescouv02.JPG;32;1;slug
378;3;L'échappée belle;Delcourt;2-84055-252-3;VentDanslesSaulesLe03.JPG;32;1;slug
379;4;Foutoir au manoir;Delcourt;2-84055-580-8;VentDanslesSaulesLe04.JPG;31;4;slug
381;NULL;Animal'z;Casterman;978-2-203-01966-9;Animalz_10032009_223059.jpg;96;2;slug
382;1;L'empire de Monsieur Joseph;Glénat;978-2-7234-5580-8;IlEtaitUneFoisEnFrance1_04102007_192650.jpg;54;3;slug
383;2;Le vol noir des corbeaux;Glénat;978-2-7234-6183-2;IlEtaitUneFoisEnFrance2_02102008_110958.jpg;56;4;slug
384;1;Papillons de nuit;Les Humanoïdes Associés;2-7316-1294-0;reseaubombyce01.jpg;46;6;slug
385;2;Monsieur lune;Les Humanoïdes Associés;2-7316-1460-9;reseaubombyce02.jpg;46;7;slug
386;1;L'invitation au voyage;Delcourt;2-84789-674-0;ventdanssables01_44911.jpg;32;8;slug
387;2;Etranges étrangers;Delcourt;978-2-7560-0564-5;VentDansLesSablesLe2_17042007.jpg;32;3;slug
388;3;La Tentation du Désert;Delcourt;978-2-7560-1269-8;ventdanslessables03_84663.jpg;32;1;slug
389;9;Revers de fortune;Delcourt;978-2-7560-0835-6;Couv_96637.jpg;47;2;slug
390;5;Montréal;Casterman;978-2-203-02463-2;Couv_97432.jpg;70;4;slug
391;3;Episode 3;Dargaud;978-2-205-06371-4;antaresmondesaldebaran03_103248.jpg;46;5;slug
392;7;La voie du Rige;Dargaud;978-2-205-06009-6;Couv_105589.jpg;66;2;slug
393;3;Hugo & Iris, Chapitre 3 - Hiver 1831;Futuropolis/Glénat;978-2-7548-0109-6;Couv_98900.jpg;56;2;slug
394;7;Le commun des mortels;Casterman;978-2-203-01438-1;tueur07_91979.jpg;54;3;slug
395;8;L'ordre naturel des choses;Casterman;978-2-203-03167-8;Tueur8-couv_110520.jpg;54;2;slug
396;NULL;Les armes du Meta-Baron;Les humanoïdes associés;978-2-7316-1447-3;ArmesDuMetabaronLes1_21092008_182642.jpg;56;3;slug
397;NULL;Les derniers corsaires;Les éditions de la Pastèque;2-922585-37-9;DerniersCorsairesLes_04082006.jpg;62;4;slug
398;1;Tome 1;Robert Laffont;978-2-221-10727-0;BoisDesViergesLe1_12022008_230258.jpg;54;5;slug
399;1;La Genèse;Soleil Productions;2-87764-807-9;UniversalWarOneQuadrantSolaire.jpg;46;6;slug
400;NULL;Québec. un détroit dans le fleuve;Casterman;978-2-203-01448-0;Quebec_19032008_144825.jpg;64;7;slug
401;NULL;Le petit Prince;Gallimard;978-2-07-060339-8;petitprincesfar_78379.jpg;110;2;slug
402;1;Grasse Carcasse;Dargaud;978-2-205-06397-4;Couv_97655.jpg;200;4;slug
404;NULL;Pachyderme;Gallimard;978-2-07-062704-2;pachyderme_93213.jpg;80;5;slug
405;4;Jusqu'à ce que la mort nous sépare;Dargaud;978-2-205-06292-2;misspastouche04_91861.jpg;46;6;slug
406;9;Le piège diabolique;Blake et Mortimer;2-87097-020-X;BlakeEtMortimerEditionsBlakeEtMortimer9a_08072007_211054.jpg;62;2;slug
408;2;Second livre;Futuropolis;978-2-7548-0103-4;Couv_106299.jpg;76;4;slug
409;1;Le roi n'embrasse pas;Gallimard;978-2-07-061819-4;Couv_99015.jpg;138;3;slug
414;106;Révolutions;Delcourt;978-2-7560-0608-6;donjoncrepuscule106_88442.jpg;48;2;slug
415;1;Cœur de canard;Delcourt;2-84055-197-7;DonjonZenith1.jpg;46;2;slug
416;2;Le roi de la bagarre;Delcourt;2-84055-249-3;donjonzenith02_8935.jpg;46;5;slug
417;1;Adèle et la bête;Casterman;2-203-30501-0;AdeleBlancsec1e_12022008_153356.jpg;46;6;slug
418;2;Le démon de la tour eiffel;Casterman;2-203-30502-9;AdeleBlancsec2c_12022008_153133.jpg;46;7;slug
419;6;Le noyé à deux têtes;Casterman;2-203-30507-X;Adele_BlancSec_06.jpg;46;1;slug
420;1;Trois ombres;Delcourt;978-2-7560-0470-9;TroisOmbres_14092007_204959.jpg;268;2;slug
424;4;March of the wooden soldiers;DC Comics;1-401-20222-5;Fables4_07092007_214716.jpg;223;3;slug
425;5;The mean seasons;DC Comics;1-401-20486-4;Fables5_07092007_214710.jpg;159;2;slug
426;6;Homelands;DC Comics;1-401-20500-3;Fables6_07092007_214704.jpg;184;1;slug
427;7;Arabian nights (and days);DC Comics;1-401-21000-7;Fables7_07092007_214658.jpg;137;5;slug
428;8;Wolves;DC Comics;1-401-21001-5;Fables8_07092007_214652.jpg;117;3;slug
429;9;Sons of empire;DC Comics;978-1-401-21316-9;Fables9_07092007_214647.jpg;193;4;slug
430;10;The good prince;DC Comics;978-1-401-21686-3;FablesV010_26062008_200217.jpg;220;5;slug
431;11;War and pieces;DC Comics;978-1-401-21913-0;Couv_100441.jpg;192;6;slug
432;1;Volume 1;Kana;2-87129-578-6;Lesommetdesdieux_07032004.jpg;318;7;slug
433;2;Volume 2;Kana;2-87129-579-4;sommetdesdieux02couv.jpg;333;4;slug
434;3;Volume 3;Kana;2-87129-580-8;SommetDesDieuxLe3_15102004.jpg;333;3;slug
435;4;Volume 4;Kana;2-87129-721-5;sommetdesdieux04.jpg;306;7;slug
436;5;Volume 5;Kana;2-87129-780-0;SommetDesDieuxLe5_17052005.jpg;300;5;slug
438;2;Le bar du vieux français 2;Dupuis;2-8001-1996-9;barduvieuxfrancaiscouv02.jpg;54;4;slug
439;1;Première partie;Futuropolis;2-7548-0033-6;marieenplastique01.jpg;54;2;slug
440;2;Seconde partie;Futuropolis;978-2-7548-0060-0;MarieEnPlastiqueLa2_02062007.jpg;62;5;slug
443;1;Tome 1;Dupuis;2-8001-3724-X;BouddhaDazurLe1_04102005.jpg;59;1;slug
444;2;Tome 2;Dupuis;2-8001-3839-4;bouddhadazurle_02.JPG;75;1;slug
446;NULL;Un peu avant la fortune;Dupuis;978-2-8001-3854-1;UnPeuAvantLaFortune_27012008_111203.jpg;78;4;slug
447;NULL;Retour au collège;Hachette;2-01-235861-6;retouraucollegecouv.jpg;90;2;slug
448;1;(Livre premier);Futuropolis;978-2-7548-0239-0;Canarrive-couv_109573.jpg;60;3;slug
449;NULL;Page Noire;Futuropolis;978-2-7548-0147-8;Couv_113972.jpg;98;4;slug
450;4;Là où brûlent les regards;Delcourt;978-2-7560-1264-3;Alim4-couv_98261.jpg;64;6;slug
451;4;L'Enfer, le silence;Dargaud;978-2-205-06313-4;Couv_113281.jpg;54;7;slug
452;2;Loup;Delcourt;978-2-7560-1903-1;Couv_115974.jpg;54;8;slug
453;6;Ernest Latulippe;Casterman;978-2-203-02616-2;Couv_117401.jpg;68;3;slug
454;3;Stigmates;Les Humanoïdes Associés;978-2-7316-1723-8;Couv_116124.jpg;46;1;slug
455;1;Eauxfolles;Delcourt;2-84055-005-9;nefdesfous01_589.jpg;46;2;slug
456;2;Pluvior 627;Delcourt;2-84055-025-3;nefdesfous02_590.jpg;46;4;slug
457;3;Turbulences;Delcourt;2-84055-129-2;nefdesfous03_950.jpg;54;5;slug
458;4;Au turf;Delcourt;2-84055-456-9;nefdesfous04.jpg;46;2;slug
459;5;Puzzle;Delcourt;2-84055-838-6;NefDesFousLa05.jpg;46;2;slug
460;6;Les Chemins énigmatiques;Delcourt;978-2-7560-0187-6;nefdesfous06.jpg;46;3;slug
461;7;Terminus;Delcourt;978-2-7560-1069-4;nefdesfous07_82677.jpg;46;2;slug
464;3;Honneur et Police;Glénat;978-2-7234-6873-2;Couv_94966.jpg;54;3;slug
465;4;Aux armes, citoyens !;Glénat;978-2-7234-7716-1;Couv_115654.jpg;62;4;slug
466;1;Home Sweet Home;Dargaud;978-2-87129-959-2;jazzmaynard01.jpg;46;5;slug
467;2;Mélodie d'El Raval;Dargaud;978-2-505-00347-2;JazzMaynard2_18042008_174047.jpg;46;6;slug
468;3;Envers et contre tout;Dargaud;978-2-505-00509-4;JazzMaynard3_10012009_155254.jpg;46;7;slug
469;4;Sans espoir;Dargaud;978-2-505-00805-7;Couv_106462.jpg;46;2;slug
470;1;Première partie;Futuropolis;2-7548-0003-4;MemoireDansLesPochesLa1_07062006.jpg;86;4;slug
471;2;Deuxième partie;Futuropolis;978-2-7548-0099-0;memoireanslespoches02_87937.jpg;69;5;slug
472;1;La Géométrie du hasard;Quadrants;978-2-302-00093-3;QuelquesPasVersLaLumiere01_71184.jpg;46;6;slug
473;2;Le Voyage improbable;Quadrants;978-2-30200-543-3;quelquecouv_87030.jpg;46;2;slug
474;3;Les Voyageurs de l'autre monde;Quadrants;978-2-302-01242-4;Couv_114228.jpg;46;4;slug
475;1;La marque du diable;Dargaud;2-87129-301-5;scorpion01.jpg;46;3;slug
476;2;Le secret du Pape;Dargaud;2-87129-352-X;scorpion02.jpg;46;2;slug
477;3;La croix de Pierre;Dargaud;2-87129-463-1;scorpion03couv.JPG;46;2;slug
478;4;Le Démon au Vatican;Dargaud;2-87129-570-0;scorpion04.JPG;46;5;slug
479;5;La vallée sacrée;Dargaud;2-87129-677-4;scorpion05.JPG;46;6;slug
480;6;Le trésor du Temple;Dargaud;2-87129-760-6;scorpion06.JPG;46;7;slug
481;7;Au Nom du Père;Dargaud;2-505-00018-2;scorpion07.jpg;46;1;slug
482;8;L'ombre de l'Ange;Dargaud;978-2-505-00474-5;scorpion08_79729.jpg;46;2;slug
483;9;Masque de la Vérité;Dargaud;978-2-505-00914-6;Couv_113222.jpg;46;3;slug
484;1;La fille sous la dunette;Glénat;2-7234-0132-4;passagersduvent01_302.jpg;46;2;slug
485;2;Le ponton;Glénat;2-7234-0164-2;passagerduventcouv02eo.jpg;46;1;slug
486;3;Le comptoir de Juda;Glénat;2-7234-0215-0;passagerduventcouv03eo.jpg;46;5;slug
487;4;L'heure du serpent;Glénat;2-7234-0290-8;passagersduvent04.jpg;46;3;slug
488;5;Le bois d'ébène;Glénat;2-7234-0440-4;passagersduvent05_306.jpg;46;4;slug
489;6;La Petite Fille Bois-Caïman - Livre 1;12bis;978-2-356-48066-8;PassagersDuVent_06_93413.jpg;78;5;slug
490;7;La Petite Fille Bois-Caïman - Livre 2;12bis;978-2-356-48112-2;Couv_99109.jpg;64;6;slug
491;2;Volume 2;Gallimard;2-07-057588-8;AyaDeYopougon2_29092006.jpg;106;7;slug
492;3;Volume 3;Gallimard;978-2-07-061543-8;AyaDeYopougon3_09102007_180143.jpg;126;4;slug
493;4;Volume 4;Gallimard;978-2-07-061995-5;AyaDeYopougon_04_80396.jpg;106;3;slug
494;5;Volume 5;Gallimard;978-2-07-062803-2;Couv_98840.jpg;107;7;slug
495;6;Volume 6;Gallimard;978-2-07-069512-6;Couv_118426.jpg;104;5;slug
496;2;L'apocalypse selon Saint Jacky;Dargaud;978-2-205-06759-0;Couv_123954.jpg;208;4;slug
497;2;(Livre second);Futuropolis;978-2-7548-0393-9;Couv_116325.jpg;60;2;slug
498;7;Charleston;Casterman;978-2-203-03219-4;Couv_138758.jpg;78;5;slug
499;2;Deuxième époque (1917-1918);Futuropolis;978-2-7548-0114-0;Matteo2-couv_115131.jpg;71;1;slug
500;5;Paul à la pêche;Les éditions de la Pastèque;2-922585-39-5;paul5_59923.jpg;200;1;slug
501;6;Paul à Québec;Les éditions de la Pastèque;978-2-922585-70-4;Couv_87049.jpg;188;4;slug
502;7;Paul au parc;Les éditions de la Pastèque;978-2-923841-05-2;Couv_145258.jpg;144;2;slug
503;3;Une traversée mouvementée;Dupuis;978-2-8001-4085-8;Salvatore3_03102009_170132.jpg;52;3;slug
504;4;Retour à Brest;Dupuis;978-2-8001-4849-6;Couv_115181.jpg;54;4;slug
505;6;La mer vue du Purgatoire...;Glénat;978-2-7234-4429-3;Couv_126674.jpg;64;6;slug
506;2;Animal farm;DC Comics;978-1-401-20077-0;Couv_99737.jpg;115;7;slug
507;3;Storybook love;DC Comics;978-1-401-20256-9;Couv_99738.jpg;184;8;slug
508;1;Legends in exile;DC Comics;978-1-563-89942-3;FablesV01_18102009_101424.jpg;112;3;slug
512;4;Épisode 4;Dargaud;978-2-205-06765-1;Couv_138040.jpg;46;1;slug
513;1;Anomalies quantiques - Épisode 1;Dargaud;978-2-205-06524-4;Couv_120743.jpg;48;2;slug
514;1;Episode 1;Dargaud;978-2-205-06085-0;Couv_105592.jpg;46;4;slug
515;2;Épisode 2;Dargaud;978-2-205-06529-9;Couv_117129.jpg;46;5;slug
516;1;Livre 1/2;Dargaud;978-2-205-06740-8;Couv_126734.jpg;54;2;slug
518;2;Livre 2/2;Dargaud;978-2-205-06764-4;Couv_138242.jpg;54;2;slug
520;NULL;Là où vont nos pères;Dargaud;978-2-205-05970-0;Couv_143518.jpg;116;3;slug
521;3;Kettricken;Soleil Productions;978-2-302-00888-5;Couv_100036.jpg;46;2;slug
522;4;Molly;Soleil Productions;978-2-302-01235-6;Couv_115483.jpg;47;3;slug
523;1;Le bâtard;France Loisirs;978-2-298-03773-9;Couv_134606.jpg;46;4;slug
524;2;L'art;France Loisirs;978-2-298-04403-4;Couv_134608.jpg;46;5;slug
525;6;L'Héritage du Kaiser - Château de Stolditz, Allemagne. 1936...;Delcourt;978-2-7560-1739-6;118033_c.jpg;54;6;slug
526;5;Gold Rush - Yukon, 1899...;Delcourt;978-2-7560-1738-9;115618_c.jpg;62;7;slug
527;1;Premier livre;Futuropolis;978-2-7548-0102-7;LuluFemmeNue1_28102008_232856.jpg;76;2;slug
529;NULL;Là-bas;Dupuis;2-8001-3457-7;Labas_05092003.jpg;64;4;slug
530;2;Le fruit de la connaissance;Soleil Productions;2-87764-937-7;Couv_136848.jpg;46;5;slug
532;3;Caïn et Abel;Soleil Productions;2-84565-037-X;Couv_136847.jpg;48;6;slug
533;1;Esclaves;Dargaud;978-2-505-00971-9;Couv_115029.jpg;52;2;slug
534;1;Un héros sans cœur;Delcourt;978-2-7560-1942-0;115972_c.jpg;46;4;slug
535;1;Le discours;Futuropolis;978-2-7548-0353-3;Couv_125488.jpg;34;3;slug
536;NULL;Julia & Roem;Casterman;978-2-203-03308-5;Couv_125622.jpg;84;2;slug
537;NULL;Essex County;Futuropolis;978-2-7548-0235-2;Couv_108626.jpg;496;2;slug
538;NULL;La Fugue;Éditions de la Pastèque;2-922585-30-1;FugueLaBlanchet_05082006.jpg;136;5;slug
539;NULL;Body World;Dargaud;978-2-205-06316-5;Couv_118236.jpg;384;6;slug
540;NULL;Le journal d'un remplaçant;Delcourt;978-2-7560-0641-3;JournalDunRemplacantLe_30122006.jpg;124;7;slug
541;NULL;Broderies;L'Association;2-84414-095-5;Broderies_09022003.jpg;130;1;slug
542;1;Comment je ne me suis pas fait kidnapper en Afghanistan;La boîte à bulles;978-2-84953-053-5;kaboul_1_67647.jpg;145;2;slug
543;NULL;Shenzhen;L'Association;2-84414-035-1;shenzen01_11278.jpg;150;3;slug
544;NULL;Logicomix;Vuibert;978-2-7117-4351-3;Couv_112031.jpg;304;2;slug
545;NULL;Watchmen;DC Comics;0-930289-23-4;Watchmenint2_12072009_001753.jpg;416;1;slug
546;2;Final incal;Les Humanoïdes Associés;978-2-7316-1444-2;Couv_133712.jpg;62;5;slug
547;2;Renée;Futuropolis;2-7548-0085-9;Couv_120701.jpg;464;3;slug
548;3;Livre III - L'Adieu aux Rois;Soleil Productions;978-2-302-01893-8;Couv_142820.jpg;51;4;slug
549;32;La Bataille d'Asgard;Le Lombard;978-2-8036-2754-7;Couv_117408.jpg;46;5;slug
550;33;Le Bateau-Sabre;Le Lombard;978-2-8036-2995-4;Couv_140423.jpg;46;6;slug
551;9;Concurrence déloyale;Casterman;978-2-203-03178-4;Couv_126818.jpg;54;7;slug
552;4;Le Chant des dunes;Delcourt;978-2-7560-1989-5;Couv_118876.jpg;32;4;slug
553;1;Larmes d'abeille;Vents d'Ouest;978-2-7493-0268-3;GrandMortLe1_14112007_210502.jpg;56;3;slug
554;2;Pauline...;Vents d'Ouest;978-2-7493-0394-9;GrandMort_02_79711.jpg;58;7;slug
555;3;Blanche;Vents d'Ouest;978-2-7493-0595-0;Couv_135013.jpg;54;5;slug
556;1;508 statues souriantes;Futuropolis;978-2-7548-0356-4;Couv_134093.jpg;48;4;slug
557;1;Chili con Carnage;Delcourt;978-2-7560-1807-2;Couv_124457.jpg;46;2;slug
558;1;Chroniques diplomatiques;Dargaud;978-2-205-06132-1;Couv_108242.jpg;94;5;slug
559;2;Chroniques diplomatiques;Dargaud;978-2-205-06679-1;Couv_141851.jpg;96;1;slug
560;NULL;Frenchman;Daniel Maghen;978-2-356-74023-6;Couv_136258.jpg;74;1;slug
561;1;Les règles du jeu;Futuropolis;978-2-7548-0318-2;Couv_135303.jpg;48;4;slug
562;1;Quinquennat nerveux;Delcourt;978-2-7560-2824-8;141736_c.jpg;NULL;2;slug
