id;nom;prenom;surnom;birth;death;pays;pseudo;slug
1;<Indéterminé>;NULL;NULL;NULL;NULL;NULL;NULL;
2;Jodorowsky;Alexandro;jodorowsky.jpg;07/02/2029 00:00;NULL;CHILI;NULL;
3;Giraud;Jean;MOEBUSGiraudJean.jpg;08/05/1938 00:00;NULL;FRANCE;Moebius;
4;Beaumenay-Joannet;Isabelle;BeaumenayJoannetIsabelle.jpg;01/01/1957 00:00;NULL;FRANCE;NULL;
5;Janjetov;Zoran;janjetov.jpg;NULL;NULL;YOUGOSLAVIE;NULL;
6;Chaland;Yves;chaland.jpg;03/04/1957 00:00;18/07/1990 00:00;FRANCE;NULL;
7;Studio Beltran;NULL;NULL;NULL;NULL;FRANCE;NULL;
8;Beltran;Valérie;NULL;NULL;NULL;NULL;NULL;
9;Bess;Georges;bessG.jpg;01/01/1947 00:00;NULL;France;NULL;
10;Bess;Guillaume;NULL;NULL;NULL;NULL;NULL;
11;Nolent;Alexis;Matz.jpg;01/01/1967 00:00;NULL;FRANCE;Matz;
12;Jacamon;Luc;jacamon.jpg;NULL;NULL;NULL;NULL;
13;Brunschwig;Luc;BrunschwigLuc.jpg;03/09/1967 00:00;NULL;FRANCE;NULL;
14;Hirn;Laurent;HirnL_10012002.jpg;05/04/1963 00:00;NULL;France;NULL;
15;Guth;Claude;guth.jpg;02/03/1962 00:00;NULL;NULL;NULL;
16;Benacquista;Tonino;benacquista.jpg;01/09/1961 00:00;NULL;NULL;NULL;
17;Ferrandez;Jacques;ferrandez.jpg;12/12/1955 00:00;NULL;NULL;NULL;
18;Paringaux;Philippe;NULL;NULL;NULL;NULL;NULL;
19; De Loustal;Jacques;loustaljacques.jpg;10/04/1956 00:00;NULL;FRANCE;Loustal;
20;<Collectif>;NULL;NULL;NULL;NULL;NULL;NULL;
21;Kris;NULL;kris.jpeg;04/09/1972 00:00;NULL;NULL;NULL;
22;Davodeau;Etienne;davodeauetienne.jpg;19/10/1965 00:00;NULL;FRANCE;NULL;
23;Manara;Maurilio;manaramilo.jpg;12/09/1945 00:00;NULL;Italie;Manara, Milo;
24;<N&B>;NULL;NULL;NULL;NULL;NULL;NULL;
25;Rabaté;Pascal;NULL;13/08/1961 00:00;NULL;FRANCE;NULL;
26;Diaz Canales;Juan;CanalesJuanDiaz.jpg;01/01/1972 00:00;NULL;ESPAGNE;NULL;
27;Guarnido;Juanjo;guarnido.jpg;01/01/1967 00:00;NULL;ESPAGNE;NULL;
28;Abouet;Marguerite;NULL;01/01/1971 00:00;NULL;CÔTE D'IVOIRE;NULL;
29;Oubrerie;Clément;NULL;NULL;NULL;NULL;NULL;
30;Mandryka;Nikita;Mandryka.jpg;20/10/1940 00:00;NULL;NULL;NULL;
31;Frezzato;Massimiliano;NULL;12/03/1967 00:00;NULL;ITALIE;NULL;
32;Gratien;Eric;NULL;NULL;NULL;NULL;NULL;
33;David;Didier;Cromwell_16042002.jpg;09/09/1959 00:00;NULL;FRANCE;Cromwell;
34;Abolin;Georges;NULL;09/05/1969 00:00;NULL;NULL;NULL;
35;Pont;Olivier;pontphoto.jpg;01/06/1969 00:00;NULL;FRANCE;NULL;
36;Chagnaud;Jean-Jacques;chagnaudjeanjacques.jpg;NULL;NULL;NULL;NULL;
37;Szalewa;Igor;NULL;01/01/1966 00:00;NULL;France;NULL;
38;Ryser;Nicolas;NULL;NULL;NULL;NULL;NULL;
39;Polonsky;Stephan;NULL;NULL;NULL;NULL;NULL;
40; Phoussera;Ing;NULL;24/06/1961 00:00;NULL;CAMBODGE;Séra;
41;Siefer;Laurent;NULL;NULL;NULL;NULL;NULL;
42;Pontarolo;Frédéric;pontarolo.jpg;10/02/1970 00:00;NULL;FRANCE;NULL;
43;Omond;Eric;OmondEric.jpg;16/05/1968 00:00;NULL;France;NULL;
44;Beuzelin;Boris;beuzelin.JPG;30/06/1971 00:00;NULL;FRANCE;NULL;
45;Gallié;Mathieu;NULL;NULL;NULL;France;NULL;
46;Andréae;Jean-Baptiste;Andreae.gif;10/01/1964 00:00;NULL;France;NULL;
47;Moore;Alan;alanmoore.jpg;18/11/1953 00:00;NULL;ANGLETERRE;NULL;
48;Gibbons;Dave;GibbonsDave.jpg;14/04/1949 00:00;NULL;ANGLETERRE;NULL;
49;Higgins;John;NULL;NULL;NULL;NULL;NULL;
50;Burns;Charles;burnscharles.jpg;27/09/1955 00:00;NULL;USA;NULL;
51;Eisner;William Erwin;NULL;06/03/2017 00:00;03/01/2005 00:00;USA;Eisner, Will;
52;Miller;Frank;NULL;NULL;NULL;USA;NULL;
53;Mizuki;Shigeru;26256.jpg;08/03/2022 00:00;NULL;JAPON;NULL;
54;Kusumi;Masayuki;NULL;NULL;NULL;JAPON;NULL;
55;Taniguchi;Jirô;taniguchijiro.jpg;12/08/1947 00:00;NULL;JAPON;NULL;
56;Rabagliati;Michel;NULL;NULL;NULL;CANADA;NULL;
57;Lapierre;François;lapierrefrancoisphoto.jpg;21/03/1970 00:00;NULL;Québec;NULL;
58;Beaulieu;Jimmy;Beaulieu_24042005.jpg;01/01/1974 00:00;NULL;CANADA;NULL;
59;Larcenet;Manu;larcenetmanu.jpg;06/05/1969 00:00;NULL;FRANCE;NULL;
60;Larcenet;Patrice;NULL;05/06/1971 00:00;NULL;FRANCE;NULL;
61;Chabosy;Laurent;ChabosyLaurentTrondheim.jpg;01/01/1964 00:00;NULL;FRANCE;Trondheim, Lewis;
62;Findakly;Brigitte;NULL;NULL;NULL;FRANCE;NULL;
63;Ferri;Jean-Yves;ferrijeanyves.jpg;NULL;NULL;NULL;NULL;
64;Sfar;Joann;NULL;28/08/1971 00:00;NULL;FRANCE;NULL;
65;Guibert;Emmanuel;15297.jpg;01/01/1964 00:00;NULL;France;NULL;
66;Lindingre;Yan;NULL;NULL;NULL;NULL;NULL;
67;Dupuy;Philippe;dupuy.jpeg;15/12/1960 00:00;NULL;FRANCE;NULL;
68;Legris;Claude;NULL;NULL;NULL;NULL;NULL;
69;Berberian;Charles;berberian.jpg;28/05/1959 00:00;NULL;FRANCE;NULL;
70;Sapin;Mathieu;NULL;NULL;NULL;NULL;NULL;
71;Chedru;Delphine;NULL;NULL;NULL;NULL;NULL;
72;Le Gall;Frank;legallfranck.jpg;23/09/1959 00:00;NULL;FRANCE;NULL;
73;Boulard;Hubert;hubert.jpg;01/01/1971 00:00;NULL;NULL;Hubert;
74; Kerascoët;NULL;kerascoet.jpg;NULL;NULL;FRANCE;Kerascoët;
75;Blain;Christophe;blain.jpg;10/08/1970 00:00;NULL;FRANCE;NULL;
76; Pezzali;Walter;NULL;NULL;NULL;NULL;Walter;
77;Loisel;Régis;loiselregis07.jpg;04/12/1951 00:00;NULL;FRANCE;NULL;
78;Cosandey;Bernard;cosey.jpg;14/06/1950 00:00;NULL;SUISSE;Cosey;
79; Hislaire;Bernard;yslaireph.jpg;11/01/1957 00:00;NULL;BELGIQUE;Yslaire;
80;Le Pennetier;Yann;lepennetieryannbalac.jpg;NULL;NULL;FRANCE;Balac;
81;Bastide;Jean;NULL;01/01/1982 00:00;NULL;NULL;NULL;
82;Mezil;Vincent;NULL;01/01/1983 00:00;NULL;France;NULL;
83;Le Tendre;Serge;letendreserge.jpg;01/12/1946 00:00;NULL;FRANCE;NULL;
84; Legeard;Dominique;lidwine.jpg;12/05/1960 00:00;NULL;FRANCE;Lidwine;
85;Aouamri;Mohamed;aouamri.jpg;24/03/1957 00:00;NULL;ALGERIE;NULL;
86;Lencot;Yves;NULL;29/04/1959 00:00;NULL;France;NULL;
87;Quilici;Laurence;NULL;NULL;NULL;NULL;NULL;
88; Wasem;Pierre;WAZEM.JPG;16/07/1970 00:00;NULL;SUISSE;Wazem, Pierre;
89;Peeters;Frederik;22609.jpg;14/08/1974 00:00;NULL;SUISSE;NULL;
90;Ralenti;Albertine;NULL;NULL;NULL;NULL;NULL;
91;Ayroles;Alain;AyrollesAlain.jpg;26/01/1968 00:00;NULL;FRANCE;NULL;
92;Masbou;Jean-Luc;masboujeanluc.jpg;14/03/1963 00:00;NULL;FRANCE;NULL;
93;Mayer;Jean-marc;NULL;NULL;NULL;NULL;NULL;
94;Moynot;Emmanuel;moynot_emmanuel.jpeg;15/04/1960 00:00;NULL;FRANCE;NULL;
95;Bravo;Emile;bravoemile.jpg;18/09/1964 00:00;NULL;FRANCE;NULL;
96;Tripp;Jean-Louis;tripp.jpg;04/02/1958 00:00;NULL;FRANCE;NULL;
97; Girard;Philippe;NULL;NULL;NULL;QUÉBEC;Phlppgrrd;
98;Girard;Pascal;NULL;NULL;NULL;QUÉBEC;NULL;
99;Duberger;Jean-sébastien;NULL;NULL;NULL;NULL;Dub;
100;Tan;Shaun;shaun.jpg;NULL;NULL;AUSTRALIE;NULL;
101;Bonifay;Philippe;bonifay.jpg;13/08/1959 00:00;NULL;FRANCE;NULL;
102;Pé;Frank;frank_19012003.gif;15/07/1956 00:00;NULL;BELGIQUE;Frank(Pé);
103;Lloyd;David;NULL;NULL;NULL;Angleterre;NULL;
104;Roussel;Gilles;Boulet_20012002.jpg;01/02/1975 00:00;NULL;France;Boulet;
105;Albon;Lucie;NULL;01/01/1977 00:00;NULL;FRANCE;NULL;
106;Lefèvre;Didier;NULL;NULL;29/01/2007 00:00;NULL;NULL;
107;Pacinotti;Gianni;26266.jpg;01/01/1963 00:00;NULL;ITALIE;Gipi;
108;Dragon;Pierre;PierreDragon.jpg;01/01/1965 00:00;NULL;FRANCE;NULL;
109;Debeurme;Ludovic;NULL;NULL;NULL;FRANCE;NULL;
110;Hincker;Christian;HinckerChristianBlutch.jpg;27/12/1967 00:00;NULL;FRANCE;Blutch;
111;Van Hamme;Jean;vanhammejean.jpg;16/01/1939 00:00;NULL;BELGIQUE;NULL;
112;Rosinski;Grzegorz;rosinskygrzegorz.jpg;03/08/1941 00:00;NULL;POLOGNE;NULL;
113;Kasprzak;Graza;graza.jpg;NULL;NULL;NULL;Graza;
114;Sente;Yves;sente.jpg;17/01/1964 00:00;NULL;BELGIQUE;NULL;
115;Pelinq;Christophe;ArlestonScotch.jpg;14/08/1963 00:00;NULL;FRANCE;Arleston Scotch;
116;Tarquin;Didier;tarquin.jpg;20/01/1967 00:00;NULL;FRANCE;NULL;
117;Hislaire;Bernard;hislairebernardyslaire.jpg;11/01/1957 00:00;NULL;BELGIQUE;NULL;
118; Herman;Jean;NULL;17/05/1933 00:00;NULL;FRANCE;Vautrin, Jean;
119;Tardi;Jacques;tardi.jpg;30/08/1946 00:00;NULL;FRANCE;NULL;
120;Haldeman;Joe;haldemanJoe.jpg;09/06/1943 00:00;NULL;USA;NULL;
121;Van Oppen;Mark;marvano.jpg;29/04/1953 00:00;NULL;BELGIQUE;Marvano;
122;Marchand;Bruno;Marchandb.jpg;01/01/1963 00:00;NULL;FRANCE;NULL;
123;Juillard;André;juillardandre.jpg;09/06/1948 00:00;NULL;FRANCE;NULL;
124;Convard;Didier;convard_didier.jpg;16/01/1950 00:00;NULL;FRANCE;NULL;
125;<Quadrichromie>;NULL;NULL;NULL;NULL;NULL;NULL;
126;Gibrat;Jean-Pierre;gibrat.jpg;17/04/1954 00:00;NULL;FRANCE;NULL;
127;Kraehn;Jean-Charles;kraehn.jpg;27/06/1955 00:00;NULL;FRANCE;NULL;
128;Vallée;Sylvain;vallee_sylvain.jpeg;28/06/1972 00:00;NULL;FRANCE;NULL;
129;Jambers;Patricia;NULL;NULL;NULL;NULL;NULL;
130;Lapière;Denis;lapierreDenis.jpg;08/08/1958 00:00;NULL;BELGIQUE;NULL;
131;Pellejero;Ruben;NULL;20/12/1952 00:00;NULL;ESPAGNE;NULL;
132;Christin;Pierre;christin.jpg;27/07/1938 00:00;NULL;FRANCE;NULL;
133;Satrapi;Marjane;NULL;NULL;NULL;Iran;NULL;
134;De Crécy;Nicolas;decrecynicolas.jpg;29/09/1966 00:00;NULL;FRANCE;NULL;
135;Tjoyas;Alexios;NULL;NULL;NULL;NULL;NULL;
136;Ruby;NULL;NULL;NULL;NULL;NULL;NULL;
137;Chomet;Sylvain;ChometSylvain.jpg;01/01/1963 00:00;NULL;FRANCE;NULL;
138;Chevillard;Hubert;chevillardhubert.JPG;NULL;NULL;NULL;NULL;
139;Zaza et Zik;NULL;NULL;NULL;NULL;NULL;NULL;
140;Gale;Janet;NULL;NULL;NULL;Nouvelle-Zélande;NULL;
141;Langlois;Monica;NULL;NULL;NULL;NULL;NULL;
142;Karali;Olivier;KaOlivier.jpg;29/12/1967 00:00;NULL;NULL;Ka, Olivier;
143;Papagalli;Lionel;Alfred.jpg;19/05/1976 00:00;NULL;FRANCE;Alfred;
144;Meunier;Henri;meunierportrait.jpg;01/01/1972 00:00;NULL;FRANCE;NULL;
145;Chevalier;Bruno;NULL;NULL;NULL;FRANCE;NULL;
146;Ségur;Thierry;segur.jpg;11/02/1964 00:00;NULL;FRANCE;NULL;
147;De Oliveira;Luiz Eduardo;leo04.jpg;01/01/1944 00:00;NULL;BRESIL;Léo;
148; Smulkowski;Scarlett;NULL;NULL;NULL;NULL;Scarlett;
149;Jacquette;Rodolphe Daniel;rodolphe.jpg;18/05/1948 00:00;NULL;FRANCE;Rodolphe;
150;Smulkowski;Scarlett;NULL;NULL;NULL;NULL;NULL;
151;Boudjellal;Farid;boudjellal.jpg;12/03/1953 00:00;NULL;FRANCE;NULL;
152;Stassen;Jean-Philippe;STASSEN.JPG;14/03/1966 00:00;NULL;NULL;NULL;
153;Herman;Dieter;hermandietercomesdidier.jpg;11/02/1942 00:00;NULL;BELGIQUE;Comès, Didier;
154;Breccia;Alberto;BrecciaAlberto.jpg;15/04/2019 00:00;10/11/1993 00:00;URUGUAY;NULL;
155;Oger;Tiburce;NULL;01/01/1967 00:00;NULL;FRANCE;NULL;
156;Prugne;Patrick;NULL;NULL;NULL;FRANCE;NULL;
157;Leroy;Emmanuel;NULL;NULL;NULL;NULL;NULL;
158;Bilal;Enes;NULL;07/10/1951 00:00;NULL;YOUGOSLAVIE;Bilal, Enki;
159;David;Fabrice;NULL;NULL;NULL;NULL;NULL;
160;Bourgier;Eric;NULL;01/01/1975 00:00;NULL;FRANCE;NULL;
161;Nury;Fabien;NULL;31/05/1976 00:00;NULL;FRANCE;NULL;
162;Delf;NULL;NULL;NULL;NULL;NULL;NULL;
163;Lupano;Wilfrid;NULL;26/09/1971 00:00;NULL;FRANCE;NULL;
164;Augustin;Virginie;augustin-virginie.jpg;01/01/1973 00:00;NULL;FRANCE;NULL;
165;Penloup;Geneviève;NULL;NULL;NULL;NULL;NULL;
166;Itoïz;Mayana;NULL;NULL;NULL;NULL;NULL;
167;Prudhomme;David;prudhomme_david.jpeg;01/01/1969 00:00;NULL;FRANCE;NULL;
168;Merlet;Isabelle;NULL;07/10/1967 00:00;NULL;FRANCE;NULL;
169;Rouger;Jean-Jacques;NULL;NULL;NULL;FRANCE;NULL;
170;Clémence;NULL;NULL;NULL;NULL;NULL;NULL;
171;Ravon;Philippe;NULL;NULL;NULL;NULL;NULL;
172;Chailleux;Maximilien;NULL;NULL;NULL;NULL;NULL;
173; Pelinq;Christophe;ArlestonScotch.jpg;14/08/1963 00:00;NULL;FRANCE;Arleston, Scotch;
174;Lamirand;Sébastien;NULL;NULL;NULL;NULL;NULL;
175;Mathias;Guy;NULL;NULL;NULL;NULL;NULL;
176; De Oliveira;Luiz Eduardo;leo04.jpg;01/01/1944 00:00;NULL;BRESIL;Leo;
177; Pé;Frank;frank.jpg;15/07/1956 00:00;NULL;BELGIQUE;Frank (Pé);
178; Giraud;Jean;MOEBUSGiraudJean.jpg;08/05/1938 00:00;NULL;FRANCE;Moebius;
179;Glogowski;Philippe;NULL;16/06/1960 00:00;NULL;BELGIQUE;NULL;
180;Le Guirec;Rose;NULL;NULL;NULL;NULL;NULL;
181;Peeters;Benoît;peeters-benoit.jpg;28/08/1956 00:00;NULL;FRANCE;NULL;
182;Schuiten;François;schuiten-francois.jpg;26/04/1956 00:00;NULL;BELGIQUE;NULL;
183;Willingham;Bill;NULL;NULL;NULL;NULL;NULL;
184;Medina;Lan;NULL;NULL;NULL;NULL;NULL;
185;Van Valkenburgh;Sherilyn;NULL;NULL;NULL;NULL;NULL;
186;Buckingham;Mark;NULL;NULL;NULL;NULL;NULL;
187;Vozzo;Daniel;NULL;NULL;NULL;USA;NULL;
188;Akins;Tony;NULL;NULL;NULL;NULL;NULL;
189;Bertho;Pascal;Bertho.jpg;07/10/1964 00:00;NULL;FRANCE;NULL;
190;Duval;Stéphane;duvalsteph_01042003.JPG;25/12/1970 00:00;NULL;FRANCE;NULL;
191;Cochet;Isabelle;cochetisabelle.JPG;NULL;NULL;NULL;NULL;
192;Aifelle;NULL;NULL;NULL;NULL;NULL;NULL;
193;Bajram;Denis;bajram.jpg;01/02/1970 00:00;NULL;FRANCE;NULL;
194;Plessix;Michel;Plessix_30062002.jpg;10/11/1959 00:00;NULL;FRANCE;NULL;
195;Jouannigot;Loïc;NULL;NULL;NULL;NULL;NULL;
196;Corbeyran;Eric;corbeyran.jpg;14/12/1964 00:00;NULL;FRANCE;NULL;
197; Coronas;Christophe;cecil.jpg;18/05/1966 00:00;NULL;FRANCE;Cécil;
198;Mallié;Vincent;mallie.jpg;24/04/1973 00:00;NULL;FRANCE;NULL;
199;  Hislaire;Bernard;yslaireph.jpg;11/01/1957 00:00;NULL;BELGIQUE;Yslaire;
200;Mézil;Vincent;mezil_vincent.jpg;01/01/1983 00:00;NULL;FRANCE;NULL;
201;Charest;Travis;CharestTravis.jpg;NULL;NULL;NULL;NULL;
202;Mettout;Éric;NULL;NULL;NULL;NULL;NULL;
203;Ghielmetti;Philippe;NULL;NULL;NULL;NULL;Dugenou;
204;Richard;Marc;NULL;NULL;NULL;QUÉBEC;NULL;
205;Houde;Jocelyn;NULL;NULL;NULL;QUÉBEC;NULL;
206;Dufaux;Jean;dufaux.jpg;07/06/1949 00:00;NULL;BELGIQUE;NULL;
207;Tillier;Béatrice;TillierBeatricephoto.jpg;18/09/1972 00:00;NULL;FRANCE;NULL;
208;Montésinos;Éric;NULL;NULL;NULL;NULL;NULL;
209;Davodeau;Étienne;davodeau.jpg;19/10/1965 00:00;NULL;FRANCE;NULL;
210;Bravo;Émile;bravo.jpg;18/09/1964 00:00;NULL;FRANCE;NULL;
211;Kerascoët;NULL;kerascoet.jpg;NULL;NULL;FRANCE;NULL;
212;Jacobs;Edgar Pierre;JacobsEP.jpg;30/03/2004 00:00;20/02/1987 00:00;BELGIQUE;NULL;
213;Marssignac;Paul-Serge;NULL;24/12/1937 00:00;08/02/2007 00:00;NULL;NULL;
214;Corbeyran;Éric;Corbeyran-dargaud.jpg;14/12/1964 00:00;NULL;FRANCE;NULL;
215; Lucas;Erwan;NULL;08/02/1977 00:00;NULL;FRANCE;Obion;
216;Delobel;Anne;NULL;01/01/1949 00:00;NULL;NULL;NULL;
217;Pedrosa;Cyril;PEDROSA.jpg;22/11/1972 00:00;NULL;FRANCE;NULL;
218;Leialoha;Steve;NULL;27/01/1952 00:00;NULL;USA;NULL;
219;Klein;Todd;KleinTodd.jpg;NULL;NULL;ÉTATS-UNIS;NULL;
220;Maleev;Alex;MaleevAlex.jpg;01/01/1971 00:00;NULL;BULGARIE;NULL;
221;Jean;James;NULL;NULL;NULL;NULL;NULL;
222;Hamilton;Craig;NULL;NULL;NULL;NULL;NULL;
223;Wiesenfeld;Aron;NULL;NULL;NULL;NULL;NULL;
224;Talbot;Bryan;NULL;24/02/1952 00:00;NULL;ANGLETERRE;NULL;
225;Medley;Linda;NULL;NULL;NULL;NULL;NULL;
226;Russell;Paul Craig;NULL;NULL;NULL;ÉTATS-UNIS;NULL;
227;Kindzierski;Lovern;NULL;NULL;NULL;USA;NULL;
228;Palmiotti;James;Jimmy_Palmiotti.jpg;16/08/1961 00:00;NULL;ÉTATS-UNIS;Palmiotti, Jimmy;
229;Hahn;David;NULL;NULL;NULL;NULL;NULL;
230;Green;Dan;Green-Dan.jpg;NULL;NULL;NULL;NULL;
231;Pepoy;Andrew;NULL;NULL;NULL;NULL;NULL;
232;Fern;Jim;NULL;NULL;NULL;NULL;NULL;
233;Loughridge;Lee;NULL;NULL;NULL;USA;NULL;
234;McManus;Shawn;NULL;NULL;NULL;ÉTATS-UNIS;NULL;
235;Allred;Laura;allredlaura.jpg;NULL;NULL;NULL;NULL;
236;De La Cruz;Eva;NULL;NULL;NULL;NULL;NULL;
237;Alexovich;Aaron;NULL;01/01/1977 00:00;NULL;U.S.A.;NULL;
238;Mineo;Yoneyama;Yoneyama_21032008_115719.jpg;01/01/1951 00:00;NULL;JAPON;Yumemakura, Baku;
239;Niffle;Frédéric;NiffleFrederic.jpg;NULL;NULL;NULL;NULL;
240;Chollet;Sylvain;NULL;NULL;NULL;NULL;NULL;
241; Cosandey;Bernard;cosey.jpg;14/06/1950 00:00;NULL;SUISSE;Cosey;
242;Denis;Jean-Claude;denis.jpg;01/01/1951 00:00;NULL;FRANCE;NULL;
243;Sattouf;Riad;sattouf.jpg;05/05/1978 00:00;NULL;FRANCE;NULL;
244; Vasseur;Didier;tronchet.jpg;29/09/1958 00:00;NULL;FRANCE;Tronchet;
245;Giroud;Frank;Giroud.jpg;03/05/1956 00:00;NULL;FRANCE;NULL;
246;Meyer;Ralph;meyer_ralph.jpeg;11/08/1971 00:00;NULL;FRANCE;NULL;
247;Delabie;Caroline;NULL;NULL;NULL;NULL;NULL;
248;Fogolin;Dimitri;NULL;NULL;NULL;NULL;NULL;
249;Ferté;Ségolène;NULL;NULL;NULL;NULL;NULL;
250;Ruiz;Anne-Marie;NULL;NULL;NULL;NULL;NULL;
251;Minguez;Jean-Marie;09_100.jpg;01/01/1977 00:00;NULL;FRANCE;NULL;
252;Cuveele;NULL;NULL;NULL;NULL;NULL;NULL;
253;Caballero;Tatto;NULL;NULL;NULL;MEXIQUE;NULL;
254;Turf;NULL;Photo_146.jpg;22/08/1966 00:00;NULL;FRANCE;NULL;
255;Gaudin;Nadège;NULL;NULL;NULL;NULL;NULL;
256;Raule;NULL;raule.jpg;10/11/1971 00:00;NULL;NULL;NULL;
257;Ibañez Ugena;Roger;NULL;06/07/1977 00:00;NULL;ESPAGNE;Roger;
258;D'Haene;Charles;NULL;NULL;NULL;NULL;NULL;
259;Le Roux;Étienne;Leroux.jpg;14/12/1966 00:00;NULL;MADAGASCAR;NULL;
260;Brizard;Jérôme;NULL;NULL;NULL;NULL;NULL;
261;Desberg;Stephen;Desberg.jpg;10/09/1954 00:00;NULL;BELGIQUE;NULL;
262;Marini;Enrico;marini.jpg;13/08/1969 00:00;NULL;SUISSE;NULL;
263;Felicetti;Stella;NULL;NULL;NULL;NULL;NULL;
264;Bourgeon;François;Bourgeon.jpg;05/07/1945 00:00;NULL;FRANCE;NULL;
265;Vasseur;Didier;Photo_144.jpg;29/09/1958 00:00;NULL;FRANCE;Tronchet;
266;De Oliveira;Luiz Eduardo;Photo_97.jpg;13/12/1944 00:00;NULL;BRÉSIL;Leo;
267;Marchal;Bertrand;marchal.jpg;01/05/1974 00:00;NULL;BELGIQUE;NULL;
268;Bouët;Sébastien;NULL;NULL;NULL;NULL;NULL;
269;Díaz Canales;Juan;CanalesJuanDiaz.jpg;01/01/1972 00:00;NULL;ESPAGNE;NULL;
270;Munuera;José-Luis;Munuera.jpg;21/04/1972 00:00;NULL;ESPAGNE;NULL;
271;Sédyas;NULL;NULL;NULL;NULL;NULL;NULL;
272;Moscow Eye;NULL;NULL;NULL;NULL;NULL;NULL;
273;Gaudin;Jean-Charles;GaudinJC.jpg;01/01/1963 00:00;NULL;FRANCE;NULL;
274;Picaud;Christophe;Photo_8546.jpg;01/01/1969 00:00;NULL;FRANCE;NULL;
275;Alquier;Fabien;NULL;NULL;NULL;NULL;NULL;
276;Hobb;Robin;NULL;NULL;NULL;USA;NULL;
277;Sieurac;Laurent;Sieurac.jpg;06/03/1974 00:00;NULL;FRANCE;NULL;
278;Graffet;Didier;Graffet.jpg;01/01/1970 00:00;NULL;FRANCE;NULL;
279;Herik;Hanna;NULL;NULL;NULL;NULL;NULL;
280;Hairsine;Trevor;hairshine.jpg;NULL;NULL;NULL;NULL;
281;Blengino;Luca;blengino.jpg;01/01/1978 00:00;NULL;ITALIE;NULL;
282;Sarchione;Antonio;NULL;01/06/1969 00:00;NULL;ITALIE;NULL;
283;Pieri;Lorenzo;NULL;NULL;NULL;NULL;NULL;
284;Sibran;Anne;Sibran.jpg;03/02/1963 00:00;NULL;FRANCE;NULL;
285; Petiqueux;Jérémy;Petiqueux.jpg;26/10/1984 00:00;NULL;BELGIQUE;Jérémy;
286;Fructus;Nicolas;fructus.jpg;24/06/1970 00:00;NULL;FRANCE;NULL;
287;Lemire;Jeff;NULL;01/01/1976 00:00;NULL;NULL;NULL;
288;Blanchet;Pascal;blanchetpascal.jpg;01/01/1980 00:00;NULL;QUÉBEC;NULL;
289;<Bichromie>;NULL;NULL;NULL;NULL;NULL;NULL;
290;Shaw;Dash;NULL;06/04/1983 00:00;NULL;ÉTATS-UNIS;NULL;
291;Vidberg;Martin;Vidberg.jpg;20/03/1980 00:00;NULL;FRANCE;NULL;
292;Wild;Nicolas;NULL;01/01/1977 00:00;NULL;FRANCE;NULL;
293;Delisle;Guy;Photo_277.jpg;19/01/1966 00:00;NULL;QUÉBEC;NULL;
294;Doxiadis;Apostolos;Apostolosdoxiadis.jpg;NULL;NULL;GRÈCE;NULL;
295;Papadatos;Alecos;Alekos.jpg;NULL;NULL;GRÈCE;NULL;
296;Di Donna;Annie;didonnaannie.jpg;NULL;NULL;FRANCE;NULL;
297;Papadimitriou;Christos;christospapadim.jpg;NULL;NULL;GRÈCE;NULL;
298;Dauzat;Pierre-Emmanuel;dauzatpe.jpg;NULL;NULL;NULL;NULL;
299;Doxat;Eric;NULL;NULL;NULL;NULL;NULL;
300; Ladrönn;José Omar;Photo_4008.jpg;01/01/1967 00:00;NULL;MEXIQUE;Ladrönn, José;
301;Costa;Marianne;Photo_22451.jpg;NULL;NULL;FRANCE;NULL;
302;Facio;Sebastian;NULL;NULL;NULL;NULL;NULL;
303;Bourgier;Éric;Photo_7516.jpg;11/12/1975 00:00;NULL;FRANCE;NULL;
304; Mitildjian;Jean-Blaise;Photo_682.jpg;01/01/1953 00:00;NULL;FRANCE;Djian;
305;Nouhaud;David;nouhaulddavid.jpg;22/01/1976 00:00;NULL;FRANCE;NULL;
306;Salomone;Paul;Photo_24194.jpg;01/01/1981 00:00;NULL;FRANCE;NULL;
307;Lanzac;Abel;NULL;NULL;NULL;FRANCE;NULL;
308;Sapin;Clémence;NULL;NULL;NULL;NULL;NULL;
309;Ricci;Roberto;riccirobertophoto.jpg;21/09/1976 00:00;NULL;ITALIE;NULL;
310;Gonord;Didier;NULL;NULL;NULL;NULL;NULL;
